destination_id,destination
1,Wilsonside
2,New Gregory
3,New Jeremyside
4,New Pamelaton
5,East Ericashire
6,South Sharonland
7,Wendyberg
8,New Jeremyside
9,Westfort
10,New Jeremyside
11,Wendyberg
12,New Howard
13,Annatown
14,Joelville
15,East Ericashire
16,West Rhonda
17,Juliestad
18,South Sharonland
19,West Rhonda
20,New Jeremyside
21,Wendyberg
22,Lake Robert
23,Trevorberg
24,West Rhonda
25,South Sharonland
26,Charlesstad
27,North Jennifershire
28,New Vanessa
29,Lake Robert
30,New Williehaven
